last_name,first_name,birth,sex,tel,mail,address,user_registered
後藤,陽子,1984-12-17,M,090-8854-3638,takahashitaichi@example.com,大分県八王子市無栗屋17丁目27番20号,2023-06-14
Patel,康弘,1973-07-23,M,(878)970-0752x672,jtakahashi@example.net,"PSC 0787, Box 9304 APO AE 78510",2023-04-04
Simon,知実,1973-10-09,M,312.648.1747,mckenziechristina@example.net,奈良県横浜市港北区箭坪29丁目12番9号 アーバン麹町351,2022-10-10
田中,Katelyn,1967-12-16,M,313.521.3932,yutamori@example.net,"99171 Young Meadows Apt. 327 Kimberlyside, NE 23366",2022-12-01
Austin,学,1957-01-17,M,310-688-9660,john80@example.org,東京都中央区脚折町5丁目6番8号 クレスト卯の里739,2023-05-03
佐々木,太一,1974-04-29,M,372.871.7017,robin13@example.org,"55033 Gardner Plain Port Danaton, OR 59043",2022-12-11
Acosta,Catherine,2003-11-20,F,3297090274,yoshidasatomi@example.org,"03067 Mendez Burg Adamsland, TX 90185",2023-05-12
Anderson,学,1977-01-30,M,001-971-955-2218x8955,kenichi61@example.org,"09961 Mitchell Underpass Calebbury, RI 64814",2023-04-17
高橋,Jane,1925-01-27,M,070-6148-3776,yukiwatanabe@example.net,富山県世田谷区方京11丁目7番3号 東三島コーポ832,2023-02-17
池田,春香,1994-04-07,M,090-2655-2466,taro16@example.com,沖縄県町田市戸島40丁目24番10号 ハイツ湯本塩原513,2023-02-25
Gardner,Priscilla,1981-03-07,F,7218593942,carloskim@example.net,山形県杉並区東上野4丁目1番16号,2022-09-20
林,治,1964-01-03,M,080-6425-7608,nanami91@example.com,"960 Luna Pine Rubioview, MA 36821",2022-09-18
Schmidt,修平,1977-10-29,M,+1-685-603-8216x072,vsuzuki@example.net,"381 Jenna Turnpike Port Nathanielside, IL 78241",2023-02-17
Copeland,Lisa,1999-03-02,M,080-2713-4703,nakamurahiroshi@example.com,栃木県小笠原村北青山10丁目8番7号 秋葉原シャルム632,2022-10-19
林,くみ子,1994-10-01,M,641-461-1127x08114,maedachiyo@example.net,京都府印旛郡酒々井町下吉羽10丁目17番12号 コーポ所野463,2022-09-07
Blackburn,Mary,1975-01-09,F,080-2774-8457,naokosato@example.org,"47534 Christopher Spurs Apt. 410 Hendricksmouth, IA 68974",2023-06-13
中村,舞,1990-09-07,M,090-2670-7339,atsushi95@example.org,山梨県横浜市旭区松石5丁目6番9号 パレス橋場848,2023-03-18
Montoya,美加子,1948-11-10,F,(988)897-5669,nicholasjones@example.net,岡山県西多摩郡瑞穂町横林19丁目6番15号 今戸コート202,2023-02-05
加藤,Brett,2002-04-19,M,52-9444-8904,tomoya28@example.com,"92910 Ward Mission Suite 441 Lake Evan, IN 58958",2022-10-06
Lloyd,William,1971-12-25,F,070-4632-7348,perezchristopher@example.org,"4176 Steven Shore North Stephanie, NV 21100",2022-12-08
加藤,晃,1924-01-20,F,090-2881-1500,yosuke23@example.org,和歌山県杉並区箭坪1丁目3番11号 コーポ勝どき137,2023-01-07
伊藤,篤司,1999-12-02,M,001-748-863-2344x3622,sblack@example.net,"2206 Derrick Throughway Suite 180 New Brianna, WA 34428",2023-03-03
山下,太郎,1984-09-20,M,522-541-6863x2694,haruka18@example.org,滋賀県川崎市多摩区北上野25丁目19番19号 前弥六クレスト719,2022-10-03
伊藤,直人,2005-10-04,M,070-2778-3003,nfujiwara@example.com,"80285 Nolan Branch Apt. 852 Karenfurt, KY 22688",2022-12-08
Bernard,裕太,1993-03-09,M,978.220.0322,jeremy00@example.org,沖縄県横浜市青葉区台場33丁目21番20号,2022-11-20
Wright,Deborah,1938-08-06,M,(298)834-8672,danny83@example.org,栃木県山武郡九十九里町中三依8丁目15番5号,2022-10-02
山本,Katherine,1956-04-06,M,070-9435-7607,robertwillis@example.net,栃木県香取郡東庄町隼町11丁目12番5号 パレス東和町046,2023-02-14
Smith,真綾,2004-06-17,F,27-9717-9934,andrewthomas@example.net,"72406 Steele Dale Apt. 130 East Kimberlystad, HI 58441",2023-01-17
Marshall,陽子,1956-07-29,M,090-4259-3999,maaya34@example.com,"3267 Robert Throughway West Angelafurt, ND 91657",2022-10-12
福田,Cameron,1989-05-14,M,070-5674-9541,bradconner@example.net,高知県青ヶ島村長間32丁目25番10号 港南クレスト346,2023-02-18
Owens,Brian,1955-03-23,M,534-890-3533x2714,jill23@example.net,福岡県横浜市栄区柿木沢41丁目24番6号 脚折町アーバン593,2022-10-02
Waller,Teresa,1932-04-21,M,070-6199-0293,minoru16@example.net,鹿児島県青ヶ島村東神田22丁目14番3号 脚折町パーク868,2022-11-07
Vega,あすか,1976-10-04,M,080-0952-0205,fokada@example.com,滋賀県東久留米市明石町34丁目12番11号,2022-10-29
Evans,Donna,1925-09-01,F,33-0444-9518,ehayashi@example.org,"812 Frances Curve Suite 338 Joehaven, NV 65646",2023-03-10
岡本,Christopher,1940-10-21,F,070-8085-7440,ctanaka@example.net,岡山県立川市大中17丁目12番11号 吾妻橋パレス295,2023-01-16
松田,零,1994-08-20,M,03-0083-9083,yamamototaichi@example.net,鳥取県四街道市中川崎29丁目7番16号 アーバン中鉢石町381,2022-11-01
Richards,John,1937-06-10,F,900.995.8258x62650,rebecca26@example.net,"4429 Griffith Corners Suite 218 Port Patrick, WV 20846",2022-09-05
藤田,浩,1972-03-06,F,07-8910-8148,shohei93@example.com,"780 Timothy Crest Rachaelside, MP 48035",2022-10-27
Cunningham,陽子,1957-08-10,M,56-5095-1652,naoko12@example.net,福井県神津島村日光14丁目4番4号 パーク芝公園021,2023-06-13
Gonzalez,Tyler,1974-12-10,M,070-9033-2953,kanafujii@example.org,"0077 Amy Ways Jacksontown, NE 21600",2022-10-11
高橋,裕美子,1924-08-15,F,97-8710-2153,yui39@example.net,"0406 Peters Inlet Apt. 109 Port Michele, DE 86050",2023-06-13
加藤,篤司,1980-01-23,M,877.372.9172x58046,chad27@example.com,山梨県横浜市瀬谷区外国府間14丁目17番16号 コート東三島224,2022-11-18
石川,Michael,1975-04-20,F,090-1526-5154,takuma57@example.org,福井県横浜市泉区上野公園10丁目20番18号 コート下吉羽504,2023-05-26
三浦,Joseph,1943-10-29,F,563.346.4511x4404,robin58@example.com,山口県横浜市都筑区下宇和田28丁目8番12号,2022-11-10
Walker,Kimberly,1947-06-10,M,070-5675-2010,haruka26@example.com,埼玉県川崎市川崎区元浅草26丁目9番2号 花島シティ823,2022-08-31
Martinez,直子,1977-08-31,F,246-405-5117x1763,skimura@example.org,山形県横浜市泉区戸島4丁目4番13号 百村シティ315,2023-01-23
Reeves,亮介,1937-03-03,M,070-5986-3564,xsuzuki@example.com,高知県三鷹市上吉羽3丁目12番8号,2023-01-07
林,Andrew,1943-09-02,M,080-7570-8409,eric88@example.org,新潟県日野市二つ室7丁目16番20号 轟アーバン543,2022-09-28
松本,七夏,1970-10-14,F,(906)501-9453x5567,yasuhirosuzuki@example.org,徳島県西多摩郡瑞穂町美原町17丁目13番2号 上吉羽シティ844,2023-06-16
斎藤,亮介,1966-01-18,M,524.735.9969x78988,amacias@example.net,"68125 Black Knoll Apt. 763 Jeffreyfort, MH 82664",2023-05-14
中島,Russell,1984-05-05,F,+1-894-663-6290x6520,suzanne37@example.org,"149 Banks Squares Suite 240 East Stephenton, AZ 07797",2022-11-23
Lopez,拓真,1958-02-04,M,001-729-711-1431x690,diazkenneth@example.net,"8490 Abbott Station Calderonborough, NH 31944",2023-06-17
Holloway,陽一,2000-01-07,M,080-5999-3640,georgemunoz@example.org,"468 Charles Shores East Kenneth, NV 18231",2022-11-19
山口,Kristen,1968-08-18,M,944.696.0332x926,griffithjohn@example.org,奈良県長生郡白子町京橋6丁目11番17号,2022-12-17
斉藤,Calvin,1998-08-04,F,05-5359-7303,bikeda@example.org,青森県富里市中小来川40丁目27番11号 柿木沢新田ハイツ724,2023-05-19
森,Emma,1972-04-15,M,(787)925-2453x3040,jamesmartin@example.net,"6418 Kelly Crossing Apt. 617 New Andrew, IA 83201",2022-09-10
後藤,Jacqueline,1952-02-07,F,080-5162-1811,alexandriabaker@example.org,茨城県印旛郡栄町上高野24丁目10番11号 芝大門シティ786,2022-11-13
田中,里佳,1971-01-28,F,001-767-387-4624x6818,alexwest@example.net,Unit 2402 Box 6479 DPO AP 32627,2022-10-10
藤田,亮介,1951-08-02,F,080-8881-9766,moriharuka@example.com,愛知県東久留米市六番町15丁目11番5号 花島パレス062,2023-06-10
鈴木,Eric,1931-01-01,F,438.848.5197,kimjanet@example.net,宮崎県横浜市旭区豊町14丁目17番5号 東神田シティ475,2023-06-03
Cordova,直人,1925-06-01,M,748-816-0860x281,vmack@example.org,愛知県新宿区氏家35丁目5番6号,2022-12-29
山本,Alison,1955-03-18,M,6903300658,lrichards@example.net,秋田県横浜市栄区平河町14丁目23番15号 コーポ千塚001,2023-02-19
山田,Michele,1965-09-27,F,001-638-955-0558x074,parksjose@example.org,秋田県横浜市栄区氏家新田22丁目5番4号 長畑パレス205,2023-04-12
Ramsey,David,1984-01-16,M,070-0775-8048,taichi88@example.org,茨城県練馬区虎ノ門28丁目12番17号 パレス鶴ヶ丘706,2023-05-04
Simpson,直樹,1970-09-09,F,090-7841-9889,katherinebutler@example.com,徳島県横浜市港北区箪笥町5丁目11番20号,2022-11-01
近藤,涼平,1996-07-24,F,97-8022-7538,fmurakami@example.net,"238 Robin Land Apt. 165 South Christopher, MS 97614",2022-10-04
Horton,Holly,1986-10-11,M,712.712.4691x6938,nyamada@example.net,山口県八街市中宮祠26丁目1番11号,2023-02-03
Barnes,Brianna,1933-08-29,F,070-0685-3510,satoakemi@example.net,"59929 Joann Extension Apt. 676 Jeffreyburgh, MN 78858",2022-10-30
遠藤,Jonathan,1990-06-05,M,070-0580-5939,stephanie94@example.net,三重県江東区所野24丁目14番3号 三筋シティ991,2023-05-09
近藤,稔,1984-05-11,M,090-9392-8795,kingjason@example.com,群馬県横浜市南区勝どき19丁目4番4号 港南シャルム590,2022-11-05
小林,美加子,1956-06-19,F,001-283-703-5862x2952,syamada@example.org,岩手県国分寺市前弥六35丁目6番15号 コーポ大京町765,2022-12-11
Wade,充,1934-08-12,F,070-1101-1806,matsumotonanami@example.com,"6527 Jose Cliff South Crystal, HI 86058",2023-04-10
青木,裕樹,1927-01-21,F,080-0119-9526,iabe@example.com,"2664 Huff Walks Laurachester, TX 56241",2023-06-16
岡本,翔太,1933-01-01,M,001-470-463-5818x77469,yosukeinoue@example.org,"428 Dunn Inlet Port John, NC 81196",2023-05-17
Moore,Joanne,1935-07-29,M,58-4139-1987,thomas48@example.net,岐阜県横浜市旭区鶴ヶ丘19丁目21番9号 白金コート615,2023-01-17
Hughes,Kristy,1942-03-29,F,090-5014-9266,atanaka@example.org,"08199 Jesse Courts Suite 869 Jimenezmouth, MH 73551",2023-03-02
Long,Kelsey,1960-12-24,F,090-1803-7063,yokofujita@example.org,"915 Ford Walk Apt. 160 Jonesland, MI 83231",2023-05-31
後藤,Nicole,1943-07-04,F,(900)833-1153,osamuyoshida@example.org,長野県文京区下吉羽41丁目14番16号 丸の内パーク859,2022-11-13
山田,亮介,1950-04-10,F,090-8021-9212,nakamurakaori@example.org,"36662 Dominic Mill Apt. 103 South Alyssamouth, MN 12460",2023-02-08
Taylor,充,1947-10-21,M,992-711-8695,ryoheikimura@example.net,山梨県東久留米市中鉢石町9丁目18番13号,2022-09-14
Patterson,Michael,2000-07-27,F,+1-513-550-3324x97917,sheryl73@example.com,"425 Bailey Villages Houstonfurt, PW 94354",2022-10-20
Rodriguez,淳,1938-04-27,M,080-7217-7655,kanaito@example.com,"92787 Jeanette Plain Apt. 059 South Valeriefort, ME 24937",2022-11-19
加藤,稔,1927-06-07,F,6582281192,randallwang@example.com,"55008 Justin Burgs Apt. 551 Coreyshire, KS 16787",2023-04-27
Olson,Robert,1983-06-19,M,070-0512-8037,jeremy17@example.org,"019 Douglas Key Apt. 576 Luceroview, FM 77467",2022-09-02
石川,Joseph,2001-09-19,M,+1-518-662-2038x309,ishiiatsushi@example.com,島根県我孫子市今戸34丁目26番5号,2023-06-14
Padilla,翔太,1995-01-26,F,389-298-8904x55831,johnsonnancy@example.net,"91174 Rice Key Port Nancy, VA 94693",2022-12-15
Padilla,Kendra,1995-07-29,M,070-1241-4012,mituruyoshida@example.org,"90459 Michael Points Nataliebury, VT 70178",2023-02-09
Patterson,くみ子,2001-10-01,F,090-0447-1281,guerramadison@example.org,島根県江東区虎ノ門虎ノ門ヒルズ森タワー9丁目7番1号,2023-03-21
Thompson,Alexander,1943-07-30,F,090-1130-1388,yui84@example.net,長野県白井市脚折42丁目11番4号 パーク津久戸町818,2022-09-11
Wallace,Ashley,1979-04-23,F,92-6948-1197,kaoriogawa@example.org,石川県神津島村長畑21丁目3番17号,2023-05-24
山本,Sandra,1998-04-25,F,309-582-2520,raymond06@example.org,USNS Hudson FPO AP 91446,2022-09-08
渡辺,Michelle,1930-01-06,F,070-1927-0079,rika68@example.com,"9705 Hebert Manors Suite 057 Taylormouth, MP 06750",2022-10-17
中村,Ashley,1999-02-19,M,090-3133-6107,yoichi32@example.net,山形県荒川区西関宿32丁目17番3号 東三島アーバン529,2023-05-07
斉藤,Tasha,1931-10-30,F,479-912-6453x8964,zgould@example.net,"18231 Tanya Cape Evansport, NJ 69264",2023-06-16
Henderson,Annette,1938-05-24,F,6308697202,frazierchristopher@example.com,"18599 Young Canyon Port Reneechester, MO 49432",2022-09-03
藤田,幹,1960-04-11,M,(358)995-9980x0867,usakamoto@example.org,"54970 Bradley Mountain South Joseph, VT 09648",2023-04-30
Potter,Emily,1931-10-13,F,13-6735-0489,bowenlauren@example.org,"1785 Wolf Flats Torreston, MT 68877",2022-09-11
Holmes,聡太郎,1947-08-31,M,090-1285-3259,bsato@example.net,熊本県羽村市四番町42丁目6番7号,2022-10-20
村上,裕美子,1963-02-15,F,090-0569-0708,turnerdiana@example.net,福井県西東京市高輪19丁目12番12号 ハイツ脚折町820,2022-09-04
鈴木,Kristen,1955-01-08,M,767.730.2948x6253,herringkelly@example.com,Unit 5205 Box 6199 DPO AE 03127,2022-10-03
佐藤,Brandon,1928-10-05,M,453-500-6776x038,qcastaneda@example.com,"94807 Brady Passage North Alejandroborough, WY 74807",2022-09-08
Roberts,Nicole,1974-10-21,M,070-7087-3009,romerobrian@example.com,"93226 Chavez Pike Apt. 699 Jamesshire, PR 83075",2022-12-02
Clark,Amy,1964-01-16,F,615-779-8618x0589,kanasato@example.net,"6253 Fletcher Path South Timothymouth, MI 40410",2022-10-24
Tapia,加奈,1987-06-28,M,001-340-742-6287,zfujii@example.net,沖縄県香取市北青山40丁目7番7号,2023-05-13
George,Michael,1977-08-26,F,(749)759-3831x166,naokifujii@example.com,"695 Alyssa Villages Apt. 737 Mccarthyburgh, PA 22733",2023-01-18
鈴木,Michael,1993-05-28,F,+1-777-971-6060,minoru50@example.org,長崎県横浜市青葉区吾妻橋11丁目12番20号,2023-04-02
小林,Alicia,1943-06-25,M,+1-823-737-9089x04768,bryanjones@example.org,"06451 Hicks Street Apt. 505 Hendricksside, RI 73803",2023-03-06
池田,Lori,1989-12-28,F,51-2345-2704,kathryn87@example.com,東京都大網白里市羽折町42丁目25番1号 百村シャルム359,2023-04-23
伊藤,七夏,1923-01-05,M,001-484-980-7385x05665,jun87@example.org,埼玉県東村山市白金台27丁目23番13号,2023-02-24
伊藤,稔,1987-02-24,M,001-937-749-3549x7131,stephanie99@example.net,"047 Pearson Lodge Apt. 513 New Suebury, MA 40565",2023-05-12
Hogan,真綾,1971-07-21,F,00-4275-9486,yoshidamai@example.com,広島県台東区一ツ橋2丁目23番11号 二つ室コート530,2023-05-30
Schultz,修平,2005-09-14,F,(684)451-4661x5900,davidrogers@example.org,"4257 Debbie Burg Suite 480 South Lee, AR 28474",2022-10-14
清水,加奈,1989-06-14,M,070-0239-1599,ryoheitakahashi@example.org,大阪府横浜市神奈川区津久戸町16丁目5番18号,2023-05-18
Walter,Stephanie,1938-06-17,F,205-201-5178,vshimizu@example.com,秋田県浦安市鳥越40丁目21番9号 白金台クレスト994,2023-05-30
Taylor,京助,1934-09-20,F,070-3544-7516,nakagawayasuhiro@example.com,岡山県青梅市松浦町21丁目17番3号 シャルム下宇和田256,2022-11-16
小川,Joan,1970-05-29,M,309-953-2798,carlosmalone@example.com,"1350 Yoder Heights Apt. 813 Carolynmouth, MH 02888",2023-06-11
山下,太一,1971-09-26,F,231.725.0622,acostamegan@example.net,"PSC 2911, Box 8389 APO AA 77253",2022-09-30
Villanueva,Amanda,1984-01-13,M,080-0083-8868,heatherscott@example.net,"5285 Patton Ferry West Courtney, PR 12197",2023-02-11
Kelly,康弘,1956-10-13,M,070-7676-1234,pamelanorris@example.com,沖縄県神津島村四番町3丁目10番6号 中小来川シャルム569,2023-01-26
Harvey,Emily,2004-02-22,M,42-7579-1269,chiyo50@example.net,富山県川崎市川崎区虎ノ門25丁目15番8号 クレスト羽折町631,2023-04-25
田中,京助,1956-06-09,M,(714)720-2356,robertarosario@example.org,神奈川県夷隅郡大多喜町秋葉原25丁目8番20号 天神島クレスト892,2023-06-11
佐藤,Yolanda,1959-07-11,F,080-0830-7324,jorgeodom@example.net,宮城県横浜市都筑区上高野35丁目9番18号 コート月島197,2023-01-04
Wagner,Wesley,1928-12-06,M,75-0259-2972,ashley89@example.org,奈良県西多摩郡日の出町九段南17丁目20番19号 コート太田ヶ谷206,2023-02-13
Gallagher,Hannah,1948-07-09,M,37-9814-3507,watanabeasuka@example.net,"30996 Roy Trace New Ashleychester, PW 59017",2023-05-24
岡田,Debra,1961-09-25,F,070-8766-1060,richardsonlauren@example.org,"PSC 7569, Box 0516 APO AE 70488",2023-03-26
松田,英樹,1952-11-18,F,697-583-9722,kyosukeyamamoto@example.net,長崎県稲城市芝大門37丁目21番16号 パーク中宮祠550,2023-06-19
福田,裕樹,1944-10-11,M,30-8582-0185,cardenaskathleen@example.org,"65025 Dixon Pines Laurenchester, DC 32863",2023-02-22
伊藤,修平,2003-12-14,F,953-413-4399x39090,hwatanabe@example.net,茨城県香取郡多古町東神田41丁目11番8号 蟇沼アーバン881,2023-01-15
清水,Martha,1982-12-08,M,080-2492-5227,kaoriabe@example.com,秋田県匝瑳市台東32丁目2番7号 パーク浅草橋846,2022-11-21
山下,拓真,1988-05-15,F,385.933.0046,kikeda@example.com,富山県印旛郡栄町北上野9丁目26番3号 細野コート605,2022-10-02
Morris,康弘,1925-02-27,M,090-6645-6233,takahashiyoichi@example.org,"400 Bradley Drives Apt. 409 Kimberlychester, MI 39113",2023-03-13
Rodgers,Nicole,1932-04-20,F,95-9971-1104,philip39@example.org,"90430 Carroll Bridge Apt. 003 West Calebberg, SC 78237",2023-02-04
Flores,直人,1934-01-12,F,090-7796-3900,savannaharnold@example.org,鳥取県横浜市旭区三ノ輪18丁目7番6号 コーポ港南320,2023-01-05
斉藤,Cody,1983-08-24,F,933-248-3272x3037,fyoshida@example.org,鹿児島県西東京市渡辺37丁目1番6号,2023-03-20
Phillips,香織,1935-07-30,M,6638386186,akirayamada@example.org,沖縄県袖ケ浦市台場36丁目4番17号,2023-05-16
佐藤,Thomas,1964-04-10,F,080-7675-7915,uishii@example.net,長崎県江東区東三島37丁目9番16号,2023-01-13
Ramirez,Dennis,1985-02-03,F,090-2467-6225,dscott@example.com,"1197 Cindy Turnpike Apt. 521 Angelaville, CA 51980",2023-04-04
藤田,裕美子,1956-09-13,F,+1-305-798-5891x907,lisa60@example.net,"71078 Lopez Landing Katherinechester, OR 64414",2022-09-01
Carpenter,Eric,1927-07-28,F,070-0693-8307,msharp@example.com,茨城県渋谷区中三依26丁目9番20号 中小来川クレスト487,2023-06-23
Miller,Eric,2006-08-12,F,001-459-724-0186x01800,whatfield@example.com,"4261 Jeffrey Rapid Rodriguezmouth, SC 06163",2022-09-08
橋本,あすか,2007-03-17,M,+1-430-816-8779x929,danwong@example.com,"68355 Lauren View Lauraville, FM 40322",2022-11-25
佐藤,Dana,1944-11-01,F,090-4612-7515,coleteresa@example.com,"905 Mccoy Summit Suite 467 East Jessicashire, VA 17831",2023-01-10
加藤,Robert,1934-11-17,M,341-965-7074x593,junkato@example.com,"3812 Hahn Summit Torresfurt, ND 78327",2022-11-29
鈴木,加奈,2001-08-17,M,+1-684-668-3812x214,brewermckenzie@example.org,鳥取県府中市北青山15丁目8番1号 上吉羽クレスト382,2023-03-31
林,涼平,1944-08-11,F,070-1460-6977,davisroger@example.org,奈良県小金井市日比谷公園28丁目18番14号,2023-05-15
村上,William,1931-10-07,F,090-6479-5929,stricklandamy@example.com,"640 Heather Mountains Apt. 593 East Jodyland, CA 23500",2023-03-22
鈴木,Erica,1936-05-07,F,070-8323-4578,codylyons@example.com,"73361 Blair Courts West Heather, NY 50660",2023-04-15
Reid,William,1991-10-02,M,(618)953-3332x843,henrypearson@example.org,愛媛県横浜市神奈川区東神田1丁目14番5号,2022-11-11
石井,洋介,1925-02-03,M,702-933-4634x668,fletcherjamie@example.com,島根県西多摩郡奥多摩町渡辺5丁目5番8号 美原町クレスト216,2022-11-13
Moore,結衣,2006-01-13,F,233.615.9851,yoichiyamamoto@example.com,島根県印旛郡栄町美原町3丁目1番14号 千塚ハイツ624,2023-01-15
松本,稔,1932-01-10,F,(739)330-9641,ztanaka@example.com,群馬県稲城市油井37丁目3番17号,2022-12-02
伊藤,知実,1941-06-25,F,080-6825-9572,shimizuyuta@example.net,"59396 Grant Prairie Suite 975 West Thomasmouth, SD 15535",2023-03-11
吉田,Jessica,1968-03-26,F,001-498-436-6086x229,ryosuke64@example.com,福島県山武市天神島38丁目6番17号 ハイツ白金268,2023-01-05
Sanders,Melody,1936-09-26,M,336-297-9799x97930,xcruz@example.net,"2258 Brown Drives Michelebury, KY 52938",2022-11-04
田中,香織,1934-07-23,F,001-249-680-7734x4594,itomomoko@example.net,"22876 Dawn Run East Joshuahaven, ID 54793",2023-01-26
高橋,晃,1937-04-18,F,459.767.5790x142,mark13@example.org,"41830 Elizabeth Mill Davisville, DE 74850",2022-11-01
Johnson,Alison,1995-07-24,M,563-905-3023x7204,katosotaro@example.net,"60216 Ross Lakes Suite 962 Sarahtown, ND 59001",2022-11-29
佐々木,Mary,2002-02-05,M,558-283-9670x622,tsaito@example.com,岡山県川崎市中原区中三依36丁目4番20号 芝浦クレスト004,2022-10-30
高橋,英樹,2007-08-18,F,25-2665-3543,nakamuramituru@example.org,大分県富里市鍛冶ケ沢37丁目2番19号 パーク虎ノ門虎ノ門ヒルズ森タワー438,2023-02-08
佐藤,Sarah,1993-07-29,M,090-3491-4985,paoki@example.com,鳥取県横浜市神奈川区大京町6丁目1番7号,2022-12-29
小林,康弘,1981-04-26,F,001-424-543-9082x7754,ywilliams@example.com,和歌山県横浜市旭区西神田28丁目22番3号,2023-05-29
Arnold,美加子,1932-05-26,M,96-6751-6373,iyamaguchi@example.org,"07384 Kelly Prairie Suite 252 Lake Keithfort, AR 97400",2022-10-06
清水,七夏,1965-09-07,F,6359988589,alisoncamacho@example.org,広島県羽村市押上27丁目16番15号,2023-01-18
Fletcher,加奈,1956-06-24,M,45-3551-5192,yumikoyoshida@example.org,埼玉県足立区平河町34丁目20番16号,2023-03-23
鈴木,翔太,1937-12-16,M,(591)733-4697,simpsontiffany@example.com,石川県長生郡睦沢町押上15丁目18番8号,2023-03-18
田中,Joann,1947-10-20,M,+1-283-765-8978x5369,glucas@example.net,静岡県東久留米市油井26丁目24番18号 平須賀パレス014,2022-11-23
Simpson,April,1967-09-17,M,09-8519-6374,otaminoru@example.com,青森県江東区南郷屋42丁目20番5号 二つ室コート432,2023-02-18
斎藤,Kathryn,1937-08-26,F,72-4446-0088,jacqueline82@example.org,兵庫県横浜市西区中小来川22丁目2番11号 土呂部パーク657,2023-02-08
Weber,稔,1973-10-21,F,+1-811-708-9506x8583,kaoriaoki@example.net,"002 Michael Fork Apt. 039 Brooksside, HI 22096",2023-01-22
林,Tracy,1970-10-18,M,(838)699-6861,jesse70@example.org,宮城県国立市吾妻橋18丁目14番15号,2023-04-17
鈴木,Kaitlyn,2006-04-22,F,090-6176-9185,bryanschneider@example.org,"428 Richardson Summit Suite 649 Debramouth, SC 57309",2023-03-09
鈴木,晃,1928-12-30,F,070-2090-1291,gailcuevas@example.net,愛知県武蔵野市松石20丁目21番3号 南赤田ハイツ137,2023-06-10
Haynes,Stephanie,1994-10-02,M,61-9458-6281,tyler72@example.net,"285 Christopher Fields Suite 406 Donnafort, RI 47922",2022-11-04
Hernandez,Andrew,1942-11-24,F,070-3949-4909,itoryohei@example.org,"3664 Lin Village Lake Shaneburgh, NJ 32002",2022-11-17
太田,Carrie,1948-09-19,F,070-6194-8081,millerdustin@example.com,"PSC 2653, Box 7242 APO AA 93114",2022-11-07
Davis,Barbara,1956-04-29,F,532-980-9232,kenichiendo@example.net,岩手県福生市入谷16丁目23番19号 シャルム白金598,2023-02-16
Jones,Brianna,1943-07-08,M,+1-223-849-1139x5088,andersonalexander@example.net,岡山県印旛郡栄町柿木沢新田34丁目27番16号,2023-01-06
Cook,Christy,1974-04-15,F,080-2159-0248,haruka33@example.com,福井県印旛郡栄町丹勢19丁目21番15号 上野公園シティ855,2022-11-27
Johnson,充,1979-05-04,F,90-0561-5718,kaori81@example.com,徳島県多摩市所野8丁目22番5号 パレス上野公園180,2023-05-14
Robbins,Brian,1977-08-07,M,83-3976-5742,ctanaka@example.net,Unit 0058 Box 2304 DPO AP 47919,2023-03-23
Richards,Sean,2003-11-22,M,+1-897-215-3729x1024,bito@example.org,千葉県印旛郡酒々井町湯宮6丁目2番1号 コーポ箭坪560,2022-10-26
鈴木,淳,1946-04-15,F,090-3578-5984,psato@example.org,富山県印旛郡本埜村氏家23丁目15番2号 五味ヶ谷クレスト611,2023-01-16
山本,浩,1955-02-17,M,686-463-4397x0110,takuma85@example.org,山口県白井市湯宮42丁目19番1号,2023-04-21
鈴木,直人,1962-07-29,F,361-746-1160x270,zyamashita@example.com,"3704 Mitchell Island Danielside, NJ 94486",2023-01-03
Brown,Bryan,1978-11-10,M,001-723-572-2135x015,satomi75@example.com,北海道中央区土呂部22丁目11番1号,2022-09-06
Eaton,花子,2004-06-21,F,660-596-4782x06935,tsubasa58@example.org,"641 Kimberly Squares Timothyburgh, TX 73969",2022-09-16
Thornton,Dana,2002-07-26,F,62-6335-5855,bushnichole@example.net,千葉県新島村東和町19丁目3番2号,2023-04-15
山本,Melissa,1996-02-09,M,090-5980-2602,qsato@example.com,大分県横浜市金沢区細野42丁目18番14号 浅草コーポ028,2023-01-01
Jackson,浩,1928-07-19,F,(385)694-1626,eboyd@example.org,山梨県香取郡多古町幸手9丁目27番14号,2023-03-24
Wyatt,洋介,1981-05-17,F,080-9424-6493,kobayashitomoya@example.net,"1407 Andrews Rapids Apt. 478 Adamsborough, PR 15579",2022-12-05
Smith,くみ子,1958-06-29,F,+1-213-487-4073x33925,nakagawananami@example.net,佐賀県香取市中三依27丁目8番9号 パーク高田馬場889,2023-01-31
Mullen,Matthew,1964-04-21,M,584.451.1775x651,mario23@example.org,滋賀県浦安市西川35丁目15番2号 東和町シャルム314,2022-12-23
Jarvis,加奈,1998-11-21,M,525.943.8805,bartlettdebbie@example.net,愛媛県川崎市川崎区小入18丁目1番1号 富久町シャルム467,2022-11-03
小林,さゆり,1950-08-05,F,994.255.2276,yamamotohanako@example.net,"11527 Kristen Fork Pageport, WY 86245",2022-12-07
長谷川,Amy,1928-11-24,F,6087560776,ofukuda@example.net,"776 Wilson Pike Suite 766 South Dalemouth, ME 24923",2023-06-08
阿部,京助,1939-10-23,M,090-2434-2291,randy25@example.org,北海道世田谷区蟇沼3丁目6番1号,2023-03-26
山本,零,1953-08-15,F,+1-595-795-8129,patriciahale@example.org,香川県長生郡一宮町筑土八幡町24丁目13番2号,2023-03-21
斉藤,David,1963-01-12,F,090-3541-1307,vsharp@example.org,"55533 Kimberly Circle Suite 424 North Erica, PR 34489",2022-10-18
鈴木,Cathy,1984-01-14,F,498-710-3812,kyosuketanaka@example.net,"5661 Sally Loaf Suite 467 North Karen, UT 27428",2022-10-27
Peterson,Meredith,2005-07-23,F,54-0005-3065,yuikato@example.net,"42328 Thomas Brook Port Josephview, CO 93482",2022-09-08
Adams,Yvette,1942-05-04,M,080-7556-9411,minoru65@example.com,宮崎県羽村市中川崎36丁目16番20号 シティ日比谷公園388,2023-04-27
Martin,晃,1947-04-08,F,+1-538-477-0203x389,tashabryan@example.com,福島県三宅島三宅村日比谷公園41丁目27番16号 東浅草アーバン706,2022-11-26
前田,あすか,1935-05-26,F,070-4542-8659,john03@example.org,愛知県横浜市栄区渡辺28丁目18番12号 芝公園パーク149,2023-05-01
Castillo,聡太郎,2001-07-11,M,775.680.1940,kenichimatsumoto@example.net,滋賀県利島村高輪38丁目26番4号 明石町シティ872,2023-04-10
Nelson,知実,1968-12-20,F,090-0731-3284,shotatanaka@example.org,"55584 Rachel Ports East Williamville, NC 24858",2022-11-26
Cobb,Tracey,1952-06-09,M,2605290812,wsato@example.net,岩手県西多摩郡檜原村土沢17丁目9番13号 丸の内クレスト290,2022-11-15
Schultz,零,1961-09-24,F,297.905.6094,mai47@example.com,北海道浦安市五味ヶ谷41丁目11番9号 ハイツ千束051,2023-05-24
清水,Jeremiah,1948-02-19,F,070-0976-3662,fmendez@example.net,"77687 Megan Ports West Yolandastad, VA 42643",2023-03-22
Frazier,Jeffrey,1963-10-13,F,(854)605-6657x881,ncantu@example.org,山梨県長生郡一宮町柿木沢新田32丁目4番2号 京橋シティ013,2022-09-13
Duncan,John,1948-12-04,M,+1-408-351-8334,igrant@example.net,"6805 Nicole Spurs Derrickchester, SD 92050",2023-04-22
Khan,Angela,1962-07-23,M,080-3678-3002,tokamoto@example.net,北海道匝瑳市西小来川12丁目22番15号 シャルム隼町353,2022-11-17
伊藤,裕太,2006-06-02,M,070-0915-6382,david00@example.net,京都府目黒区隼町8丁目17番17号 パレス丸の内298,2023-01-31
高橋,Linda,1940-04-18,M,080-2218-4134,morrisjake@example.com,宮崎県青ヶ島村下吉羽2丁目1番7号,2023-03-07
石井,Brian,1944-07-09,F,39-4890-3784,watanabemiki@example.com,岩手県東村山市鳥越24丁目13番9号,2023-02-20
山田,幹,1943-07-30,M,001-673-381-0239x3759,obriensandra@example.net,鹿児島県南房総市幸手42丁目11番2号,2022-10-06
山崎,Ralph,1999-06-13,M,001-437-889-6059x4316,franklinalyssa@example.org,"54749 Aaron Mountains North Susanshire, VT 32261",2023-03-27
Banks,明美,1934-09-02,M,+1-847-476-1847,brentlee@example.org,"23637 Rogers Turnpike Millerhaven, NY 19012",2023-04-12
村上,Sarah,1969-03-18,F,001-557-950-9969x82571,otakazuya@example.com,鳥取県大網白里市高輪33丁目20番13号 パーク東浅草584,2023-04-02
岡田,Nicholas,1947-06-17,F,82-5296-5155,gishikawa@example.net,"641 Shane Prairie Torresstad, OH 78834",2023-04-20
加藤,Angela,1949-07-23,F,080-2764-7674,nito@example.net,長崎県東久留米市雷門35丁目17番20号 クレスト長畑123,2023-05-20
Moreno,拓真,1948-11-10,F,995-632-9340,wtucker@example.com,新潟県山武郡芝山町筑土八幡町36丁目11番15号 西神田コート243,2023-03-12
山下,Kevin,1951-01-14,F,657-777-8646,hidekiokada@example.com,"76093 Acevedo Cape Apt. 766 New Ashleyport, OK 93465",2022-11-01
山下,淳,1964-03-05,F,090-2635-9544,gabriel81@example.net,滋賀県府中市柿木沢新田21丁目23番10号 花島クレスト450,2022-12-14
佐藤,John,1982-09-06,M,43-3916-8105,osuzuki@example.org,三重県鎌ケ谷市今戸42丁目12番16号 コート竜泉895,2022-10-10
Hernandez,七夏,1951-01-26,M,2249119943,ttanaka@example.net,長野県練馬区大中9丁目18番14号 西神田パレス666,2022-10-02
Jackson,Michelle,1925-02-28,F,75-8756-4480,suzukiyoichi@example.org,"023 Michael Stravenue Perryburgh, TX 82222",2023-03-18
Sparks,Erica,1980-03-14,F,76-2823-5835,kayla73@example.org,熊本県日野市柿木沢38丁目1番3号 高田馬場クレスト588,2023-01-20
Pearson,裕美子,1963-07-31,M,080-4544-7005,suzukimituru@example.com,"159 Reeves Lodge West Lisa, IA 92034",2023-03-11
山本,零,2002-08-22,F,+1-766-938-2060,tthomas@example.org,"107 Robinson Ridge Apt. 187 Alexismouth, MN 86424",2023-05-26
後藤,結衣,1969-01-16,M,05-7336-4641,kelly11@example.net,"345 Booth Lane Jenkinsberg, SC 56136",2022-10-26
Valdez,智也,1995-07-22,M,312-583-1520x883,hiroshi41@example.net,京都府鴨川市長間15丁目4番18号,2023-02-12
Cooper,Michael,1990-03-29,F,(374)657-9434,manabu67@example.org,"089 Robert Summit Suite 213 Taylorstad, MT 43575",2022-11-24
Buchanan,Martin,1947-05-14,F,94-4941-3728,tonya12@example.com,"02826 Christopher Island Apt. 393 West Kathy, MI 29129",2023-03-26
Spencer,英樹,1943-10-24,F,938-202-2522,kharrison@example.org,"5736 Joseph Harbor South John, ME 50840",2022-09-09
山田,陽子,1976-04-01,F,070-3617-3134,david74@example.net,福岡県台東区長間2丁目18番11号 長間アーバン461,2023-04-01
渡辺,零,1933-06-06,F,+1-929-513-6520x13530,ckimura@example.net,群馬県西多摩郡奥多摩町白金23丁目17番9号 下吉羽クレスト135,2022-11-24
高橋,Timothy,1998-08-14,M,76-5451-8381,nakamurayasuhiro@example.com,鳥取県長生郡白子町中川崎16丁目17番1号 東三島コーポ676,2022-12-01
Haynes,英樹,1938-07-18,F,070-7865-1718,vtanaka@example.org,長野県西多摩郡奥多摩町京橋42丁目17番18号 一ツ橋シティ795,2022-10-21
林,Alexis,1998-12-06,F,878.359.1038x628,kanaogawa@example.com,"46225 Taylor Vista Suite 230 Sullivanmouth, NM 26070",2023-06-15
松田,Daniel,1964-03-07,M,080-9106-7016,michaelhaynes@example.net,山形県稲城市天神島14丁目20番2号 松浦町アーバン505,2023-01-09
Rogers,Derrick,1926-07-10,F,614-820-9300,rlong@example.net,兵庫県長生郡一宮町前弥六20丁目15番5号,2022-10-07
池田,Lauren,1926-05-07,F,001-504-545-4795x88948,victoriamoore@example.net,広島県八千代市花島18丁目16番16号 渡辺コーポ192,2022-08-31
山本,Melanie,2007-07-20,M,090-2320-4315,fujitatsubasa@example.net,山口県南房総市上野公園30丁目21番10号 雷門シティ164,2022-11-21
Anderson,聡太郎,1957-10-24,F,080-0682-6745,sotaro47@example.net,"41891 Sullivan Divide Suite 686 Lake Kimberly, LA 31524",2022-10-12
加藤,裕太,1955-10-25,M,080-7316-8798,mituru74@example.com,"70524 Amy Hill Suite 326 Andersonside, VA 77118",2023-06-06
松田,Michelle,1998-02-28,M,090-2592-8670,samuel51@example.net,"620 Sheri Ranch Apt. 126 Tracystad, CT 57790",2022-10-04
Warren,里佳,1939-09-08,M,001-786-880-2187x046,yumiko49@example.net,北海道国立市所野23丁目17番18号 クレスト千束829,2023-04-07
井上,Andrew,1965-12-09,M,617-477-4329x262,umatsuda@example.org,大阪府福生市高輪14丁目16番7号 松浦町シティ052,2023-04-22
木村,Michael,1989-11-29,F,72-0993-4211,yoko40@example.com,"6160 Reed Knolls Apt. 117 New Elizabethchester, OK 40666",2023-05-24
田中,美加子,1967-03-01,M,090-8956-8914,xodonnell@example.org,"850 Davidson Prairie Suite 350 Lake Jessica, NC 41730",2022-09-26
