last_name,first_name,birth,sex,tel,mail,address
Brooks,涼平,1976-10-11,F,001-203-926-0408,leonard72@example.org,"463 Oconnor Place Apt. 668 North Danielle, AK 86821"
Hendricks,英樹,1970-06-21,M,807.815.6895,tanakataro@example.com,"793 Lambert Squares Apt. 499 Hudsonview, NJ 54916"
Zimmerman,淳,1952-11-26,M,85-5045-8323,aguilarlauren@example.org,"79000 Bryan Passage South Shane, LA 64244"
Murphy,Patricia,1995-07-29,M,(337)497-9516,osamusato@example.net,USNV Miller FPO AP 77766
石井,Kathy,1952-12-19,F,364.683.2654x2774,michael60@example.org,北海道安房郡鋸南町東神田26丁目1番20号 池之端コーポ263
石川,くみ子,1978-11-29,M,090-6775-4300,mathewcooper@example.com,"29292 Kevin Meadows Deborahland, KS 03499"
太田,裕太,1946-04-02,F,785-838-4943x11318,hidekisato@example.org,"45835 James Run Apt. 209 South Teresashire, WA 36865"
Pierce,Paul,1964-09-20,M,813-490-0728x931,abutler@example.org,"7422 Laura Burg Suite 869 Donaldborough, IN 76992"
Hughes,治,2001-03-31,M,001-519-490-2913,itosayuri@example.com,"94409 Grimes Knolls Travisside, ID 41184"
Wilson,陽子,1972-10-17,F,070-9677-3791,tanakatomoya@example.com,島根県富里市隼町25丁目5番8号 シティ藤金368
Chapman,裕太,1976-05-31,M,26-1095-6293,keithjohnson@example.org,京都府調布市東大和町21丁目4番18号 アーバン湯本塩原233
佐藤,里佳,1982-12-06,M,(859)940-8783,ryosukemori@example.org,"15937 Amber Junction Suite 122 New Bryanberg, NE 40660"
小林,あすか,2001-02-13,F,962-563-7265,joshuajohnson@example.com,広島県夷隅郡大多喜町台東16丁目10番9号
Carter,篤司,1977-12-26,M,070-0383-5652,kwallace@example.com,岐阜県福生市竜泉1丁目19番11号 入谷クレスト688
田中,知実,1949-08-12,M,070-9167-5944,hinesteresa@example.org,"565 Mcknight Flats Apt. 069 Johnsonbury, WV 12530"
Fischer,John,1991-05-10,M,080-9377-5112,david79@example.com,北海道君津市東上野17丁目7番7号
伊藤,Dylan,1937-08-15,F,88-9154-2812,bota@example.org,島根県西多摩郡檜原村卯の里20丁目5番7号
鈴木,花子,1937-01-20,F,237.661.7166x195,spena@example.org,"44320 Bartlett Haven Suite 858 Amybury, CT 50183"
Cruz,直人,1939-11-29,M,656-305-5061,manabu10@example.com,静岡県横浜市磯子区方京31丁目16番10号 下宇和田コート730
Frank,Anita,1942-08-31,F,001-749-264-0104,yukitakahashi@example.org,石川県西多摩郡奥多摩町上吉羽40丁目6番11号
Smith,裕樹,1932-07-25,F,321.884.0705,megan02@example.net,"140 Danielle Drive Suite 134 Smithbury, MO 48646"
鈴木,聡太郎,2007-03-26,M,(663)402-1234x581,jonessarah@example.org,鹿児島県豊島区藤金1丁目17番10号 松石コート999
Burns,京助,1991-04-03,F,090-6750-8166,steven50@example.net,岐阜県大島町権現堂10丁目9番11号 氏家パレス833
Palmer,春香,1939-07-04,M,(791)734-7668x297,rei23@example.net,"82248 Sean Locks Suite 684 Brookechester, OK 34295"
Tucker,あすか,1941-06-23,M,090-3111-6813,yumiko48@example.org,長野県武蔵村山市白金9丁目14番1号 長間コーポ467
Henry,Steven,1987-01-20,M,603.602.2721,rika04@example.org,群馬県利島村東上野7丁目5番3号
藤原,Allison,1943-11-05,M,090-5308-5155,travis83@example.com,"6015 Jennings Cove East Micheal, CA 62598"
Pearson,Pamela,1923-07-02,F,090-2834-6963,christine45@example.org,"885 Pittman Locks South John, IN 59155"
Humphrey,Erik,1974-08-01,F,070-2129-4734,dana77@example.org,三重県君津市脚折町39丁目20番1号
伊藤,Nathan,1943-04-06,F,090-0769-8769,usaito@example.net,鳥取県香取郡多古町大京町31丁目4番8号
Brooks,Dana,1992-03-03,M,070-9725-3038,benjamin90@example.org,"4080 Brittany Overpass Apt. 556 New Aaron, KY 97759"
吉田,太一,1955-05-31,F,925.691.3881x9125,suzannelara@example.com,"310 Melinda Walks West Jason, UT 89529"
Randall,直樹,2005-09-29,M,090-8089-3806,tyamaguchi@example.org,石川県東大和市高田馬場7丁目7番10号 月島クレスト944
Parker,舞,1952-06-05,F,+1-823-877-3196x581,yumikoishii@example.org,"09761 Porter Rapid Apt. 858 New Michael, CO 11187"
三浦,Brittany,1954-06-22,F,070-1348-8545,yamashitarika@example.com,神奈川県西多摩郡瑞穂町渡辺25丁目3番15号 シティ土呂部267
加藤,Jennifer,1942-03-31,M,080-8614-6643,sotaro85@example.com,"3030 Roger Trail Suite 345 Leefort, WV 38353"
Santiago,Patricia,2003-12-03,F,534.762.1667x8447,thomasfranco@example.com,香川県横浜市港南区戸島14丁目15番4号 シャルム雷門041
Young,Cheryl,1940-03-09,F,070-7921-3718,osamu81@example.com,福井県印旛郡本埜村平須賀24丁目20番18号 シャルム白金台993
藤田,Jason,2003-11-29,M,859-973-2002,kana03@example.net,"585 Jeffery Via West Patrickport, NJ 13558"
伊藤,Gene,1976-09-12,F,26-9046-8533,moralesjennifer@example.com,"8034 Bell Throughway Apt. 183 East Diane, VI 29568"
Espinoza,桃子,1928-02-01,M,070-5365-1831,hanakonakamura@example.net,"77319 Thompson Stravenue Lake Tannerberg, RI 80612"
Hartman,Elizabeth,1953-10-28,F,298.798.6974x227,colleen71@example.org,香川県小笠原村月島34丁目5番16号 氏家新田シティ431
Marquez,Juan,1993-01-18,M,080-7629-4133,tdiaz@example.org,"398 Roman Inlet Suite 301 West David, KS 35267"
小林,直樹,1945-04-01,M,(862)739-5375,brooke72@example.org,熊本県横浜市港南区長畑28丁目10番2号
伊藤,Justin,1966-01-18,M,070-9437-3099,yumikoyamashita@example.org,静岡県横浜市青葉区氏家新田7丁目12番7号 台東アーバン640
石井,Gary,1962-08-05,M,74-8730-0733,chiyo54@example.net,"25202 Brown Harbor Walkerberg, PA 58100"
Castillo,Ryan,1932-04-30,M,+1-302-854-3034x4887,coconnell@example.net,"7656 Jeremy Rapids East Nathan, PA 88091"
鈴木,零,2000-12-30,M,090-8372-8600,rokamoto@example.net,"900 Bartlett Points Lake Samuel, HI 29533"
阿部,Alicia,1951-04-29,F,080-4714-9871,takahashikazuya@example.org,高知県鴨川市南郷屋6丁目3番11号 パーク南郷屋774
Ramirez,智也,1973-06-28,F,001-763-346-0615x5015,kenichikondo@example.org,島根県富里市下宇和田24丁目13番17号
Sims,Brian,1930-10-20,F,(402)937-9391,katomomoko@example.com,"72042 Tammy Path Dawnmouth, NE 30579"
Wright,治,2003-12-25,F,070-5865-1982,lori06@example.org,USNV Reyes FPO AA 77645
阿部,康弘,1966-07-07,F,832.274.3371,sotarokato@example.net,"181 Laura Expressway Apt. 701 New Marissabury, AZ 40741"
伊藤,Diana,1950-08-22,F,623.773.6598x229,tomoya80@example.org,"817 Martinez Expressway Apt. 408 Hayesberg, VA 63896"
Porter,Tiffany,1978-09-15,F,(700)403-8335,osamuinoue@example.com,福井県江東区上広谷39丁目13番13号 ハイツ箪笥町517
吉田,Charles,2003-07-25,M,080-2790-3844,satomiki@example.net,"19981 White Vista Combsberg, OR 13139"
Mitchell,Ricardo,1994-06-14,M,001-479-757-8481x9935,momokosakamoto@example.com,"360 Smith Rapid Sandramouth, TN 31597"
Thompson,英樹,1952-07-30,F,11-3427-4053,yuiota@example.com,熊本県川崎市宮前区今戸5丁目12番10号
Maxwell,零,1931-03-26,M,080-2472-4254,garciasandra@example.net,"16864 Priscilla Spur Port Aaronmouth, NC 33112"
佐藤,翼,1983-08-30,F,001-413-730-4592x53570,bmason@example.org,茨城県日野市五味ヶ谷37丁目12番20号 シャルム平河町323
伊藤,Corey,1958-02-25,M,070-0210-9060,allisonsarah@example.com,USCGC Moore FPO AA 07920
阿部,Brandon,1951-07-02,F,(392)800-3407x5868,taro57@example.org,青森県我孫子市勝どき18丁目3番16号
高橋,Darren,1988-02-06,F,(613)359-3757,tsubasa47@example.com,"38612 Cooper Rapids North Carolynbury, CA 61299"
山口,浩,1960-05-11,F,001-973-729-8139x02925,pmckay@example.net,新潟県印旛郡本埜村隼町23丁目6番17号 クレスト美原町108
鈴木,Matthew,1985-08-17,M,070-3690-8670,collinskevin@example.net,"8116 White Alley Suite 691 East Joseph, AL 48790"
井上,美加子,1988-10-27,M,070-8880-2469,kyosuke50@example.com,徳島県狛江市権現堂18丁目24番16号
Hayes,Brian,1931-04-26,M,090-2489-5148,nroberts@example.net,広島県香取郡東庄町元浅草2丁目2番17号 方京ハイツ953
Williams,洋介,1984-04-02,M,090-4606-5746,brian27@example.net,"7107 Kristopher Station Wilsonmouth, TN 88744"
岡田,春香,1960-02-02,F,64-6248-4715,aberyosuke@example.org,北海道渋谷区五味ヶ谷37丁目8番15号 箭坪クレスト673
橋本,直樹,1963-11-09,M,080-7470-2552,lukeramirez@example.net,"745 Sarah Curve Anthonyport, DC 20639"
村上,美加子,1993-09-10,F,070-7146-6588,wishikawa@example.net,大阪府荒川区戸山13丁目13番14号 パーク中三依508
伊藤,晃,1991-11-13,M,43-9080-4545,ishikawamanabu@example.net,鳥取県横浜市中区南赤田18丁目24番15号
中村,Kara,1992-06-09,F,87-9046-0499,jasminebrooks@example.net,"823 Dawn Hills Apt. 799 Port Gregory, IA 20475"
加藤,Nancy,1979-10-27,F,090-6866-3586,molinajames@example.com,和歌山県利島村東和町12丁目6番17号 ハイツ上高野213
Lopez,Paul,1979-02-23,M,070-1546-4846,inakamura@example.net,愛知県品川区上野桜木26丁目10番18号 美原町シャルム903
小林,Todd,1979-11-05,M,070-3255-7992,satoyoichi@example.net,兵庫県川崎市中原区丸の内ＪＰタワー26丁目9番6号 三筋シャルム834
加藤,智也,1982-06-04,M,090-2789-4292,roserichard@example.net,兵庫県足立区山中新田29丁目8番5号
Brown,Rebecca,1992-02-12,M,42-7904-7499,ohashimoto@example.net,"9190 Michael Extension Suite 793 West Alan, FM 65176"
佐藤,知実,1956-02-11,F,090-8791-0704,lopezgregory@example.net,埼玉県山武市方京23丁目10番3号 油井コート579
岡本,花子,1955-09-28,M,080-2863-9493,kobayashirika@example.net,熊本県長生郡白子町東和町18丁目18番17号 九段南クレスト898
藤井,William,1982-03-16,M,090-3167-9910,ramirezmichael@example.com,新潟県東村山市柿木沢新田36丁目9番8号 クレスト権現堂621
Gonzalez,太一,1952-06-04,M,001-692-573-6309x5938,yamamotokyosuke@example.com,福井県東大和市箭坪20丁目7番2号 上吉羽クレスト667
Cox,里佳,1965-09-24,M,45-9670-6804,steven06@example.org,"11176 Gillespie Estates East Kristinaville, RI 57065"
山田,英樹,1958-04-13,M,(365)318-7730x040,hanakosuzuki@example.com,三重県渋谷区雷門4丁目27番8号 クレスト吾妻橋835
Schneider,浩,1930-03-21,F,(910)482-6818x87627,sloanleroy@example.com,高知県浦安市南郷屋21丁目13番7号 シティ筑土八幡町090
Brown,くみ子,1988-07-23,M,749.570.5568,molly50@example.org,神奈川県西東京市入谷18丁目11番15号 雷門コート508
岡本,学,1924-03-15,F,494-882-9981,takahashitsubasa@example.com,"PSC 3408, Box 5847 APO AP 75048"
山田,あすか,1979-10-31,M,(910)580-8111x4510,travishughes@example.org,京都府青梅市長畑36丁目19番11号
中村,Kelly,1989-07-29,F,(848)531-6089,ffujita@example.org,山口県横浜市泉区柿木沢40丁目24番14号 隼町アーバン877
中村,Gregory,2003-01-23,F,438.808.9640x018,asanchez@example.net,京都府品川区鳥越35丁目7番11号 コート東和町593
Clark,英樹,1943-03-12,M,89-4302-5356,ryohei82@example.org,"24516 Caitlyn Cliffs Danielport, MS 66296"
長谷川,康弘,1946-09-16,M,070-5803-1784,takahashimiki@example.org,"154 Frey Place Suite 754 Port Ashley, CA 51036"
King,Rhonda,1990-09-11,F,829-214-1851,ishikawahiroshi@example.org,高知県山武市羽折町39丁目1番18号 前弥六南町パーク159
Ryan,Richard,1961-03-12,F,383-575-8499x191,murakamiyoichi@example.net,"882 Johnson Heights Suite 579 New Jennifer, WA 26453"
Frazier,Dana,1934-09-10,F,(272)689-2617,yoichitakahashi@example.com,"1905 Lopez Mills Suite 643 Mooretown, IL 97478"
Wolf,Christine,1971-08-08,M,938.644.6371x3730,xsato@example.org,高知県西多摩郡檜原村中川崎35丁目23番19号 ハイツ西川761
山本,結衣,1991-08-08,F,090-7444-3405,sotaro17@example.net,Unit 6723 Box 9347 DPO AE 32221
Johnson,Jody,1987-08-16,M,56-5649-0055,yokokato@example.org,北海道白井市花川戸37丁目17番10号 シャルム中川崎411
Adams,稔,1980-11-25,M,080-6387-3823,bernardbrenda@example.org,"9321 Ann Parkways North James, ID 72589"
田中,Nancy,1936-08-04,F,525.710.0314,yasuhiro62@example.net,"599 Rachel Field Jasonburgh, IA 11694"
松本,Jill,2002-08-02,M,+1-238-999-4859,ihernandez@example.net,京都府長生郡白子町箪笥町26丁目1番10号 独鈷沢コーポ579
Morrison,Andrew,1946-04-28,F,29-2058-7073,sabe@example.org,埼玉県香取郡神崎町京橋28丁目12番20号
近藤,裕樹,1957-07-20,F,070-3063-9909,hashimotoasuka@example.org,"84427 Tran Valleys Apt. 177 Reedmouth, TX 90831"
橋本,春香,1972-07-10,M,38-7593-8631,yamamotonaoko@example.net,"480 Wilson Drive Apt. 738 Tammiechester, WV 78425"
Escobar,聡太郎,1950-11-29,F,7804594677,okadahiroshi@example.org,"3853 Felicia Walks Smithmouth, NJ 47862"
後藤,Rachael,1987-12-11,F,090-2168-8170,hanako20@example.com,鳥取県横浜市磯子区東上野19丁目2番11号 コーポ高田馬場425
山下,Nicole,1935-03-25,F,090-3521-4517,mai16@example.net,"4482 Ferguson Vista East Scottburgh, HI 24850"
小林,Thomas,1968-02-05,F,(332)803-4253x8974,gsato@example.net,Unit 4932 Box 9395 DPO AE 67585
Hernandez,James,1946-09-30,M,080-8847-9044,ortizpatrick@example.net,茨城県川崎市中原区津久戸町1丁目2番9号 シティ細野263
中村,Eddie,1995-05-18,F,(946)521-5434,samuel13@example.org,"4692 Steven Walk Apt. 982 Rodriguezborough, PW 41657"
Hicks,Jonathan,1950-08-12,M,090-1377-8476,osamuwatanabe@example.com,"918 Cervantes Light Apt. 647 Davidchester, LA 52934"
藤田,Roberto,1963-12-28,M,+1-646-216-6110x66823,benjamin23@example.org,和歌山県印旛郡酒々井町西浅草7丁目17番6号 クレスト東浅草440
Ellis,京助,1985-06-07,M,(660)596-0968x857,ryosukeyamada@example.org,大阪府匝瑳市松浦町16丁目4番8号 パーク明石町381
橋本,智也,1931-02-06,M,070-2712-9584,naoko27@example.com,"906 Todd Stream North Bethmouth, LA 48038"
伊藤,聡太郎,2004-12-14,F,070-2206-4949,cortezmonica@example.org,"618 Barnes Burgs Loweryside, AR 27152"
Gibbs,裕美子,1959-04-28,F,872-971-2450,chiyo01@example.org,"1613 Hernandez Stravenue East Kari, DE 20563"
Woods,James,1987-08-04,F,7922058281,qfujita@example.org,神奈川県葛飾区権現堂26丁目3番17号 シティ脚折町696
Schmidt,知実,1974-12-20,M,(836)309-5535x537,ryosuke43@example.org,USS Sanchez FPO AP 74798
Welch,Jonathan,1969-07-03,M,76-7883-2275,barnesjames@example.com,埼玉県江東区三筋16丁目22番11号 コート四区町073
林,Brett,1951-11-15,F,306-857-1180x9742,asukayamamoto@example.net,栃木県新島村松が谷26丁目15番20号 クレスト前弥六南町865
清水,Justin,2004-06-02,F,080-1317-0947,sydneymunoz@example.org,熊本県練馬区湯宮41丁目8番18号 パレス皇居外苑220
山本,Bruce,1989-10-14,F,426-311-9041x950,chelsey35@example.org,高知県横浜市神奈川区勝どき26丁目25番18号
Martinez,学,1937-01-01,M,857.832.6279x0861,william27@example.com,大分県横浜市金沢区今戸39丁目5番14号 パーク西浅草180
鈴木,Christina,1934-04-25,M,+1-682-720-8790x99393,wendy29@example.net,広島県横浜市中区入谷32丁目6番8号 パレス丸の内713
Armstrong,聡太郎,1943-09-06,M,591-482-9605x2119,wangsteven@example.com,山形県東村山市芝公園29丁目8番20号
橋本,Sharon,1995-03-04,F,864.461.0198x4940,isato@example.com,三重県香取郡東庄町浅草14丁目3番20号 シャルム手岡633
橋本,聡太郎,1932-07-31,F,080-2631-8153,naokiito@example.net,三重県新宿区氏家新田10丁目11番6号 芝浦シャルム969
田中,裕美子,1953-07-20,M,430-391-4298x38558,stephen38@example.com,富山県八丈島八丈町下宇和田28丁目13番10号 花島ハイツ285
Bush,直子,1971-06-02,M,080-6539-5565,valeriepatterson@example.com,"66121 Hinton Rapid Apt. 231 Villaland, LA 70305"
山田,直人,1928-11-19,F,070-1639-6583,maedaasuka@example.org,京都府荒川区日本堤17丁目1番2号 パーク豊町094
Carson,Melvin,1990-09-11,F,40-5344-1579,ishiitakuma@example.org,秋田県香取郡多古町細竹24丁目27番2号 ハイツ前弥六南町927
Johnson,John,1927-11-28,M,04-9928-5916,yoichimori@example.com,徳島県西多摩郡日の出町芝浦37丁目18番9号
岡本,零,1938-01-12,M,080-9692-2105,miki91@example.net,広島県西多摩郡奥多摩町東三島4丁目23番11号 クレスト東神田366
山本,幹,1929-04-07,F,090-6988-5788,timothy92@example.com,"8722 Gibson Ferry Suite 400 Crystalshire, WY 53038"
池田,篤司,1926-12-24,F,090-9126-2341,colin20@example.org,岡山県川崎市川崎区竜泉17丁目17番12号 パーク卯の里763
村上,Marissa,1976-01-18,F,657-851-1201x2416,sayuriito@example.org,大阪府横浜市港南区北青山12丁目8番1号 ハイツ蔵前514
Tate,Ashley,1974-09-12,F,090-7871-2316,okadakazuya@example.org,USNS Willis FPO AP 68781
坂本,Tracey,1995-09-18,F,(538)448-4042,llara@example.com,山口県国分寺市太田ヶ谷36丁目1番12号
林,Lisa,1976-10-25,F,317.653.8343,itonaoko@example.org,"0024 Dorsey Knolls Shermanview, UT 32759"
Arnold,Kenneth,1998-03-13,F,34-0414-9116,watanabemai@example.org,"7559 Daniels Village Tateburgh, OH 81520"
Rhodes,Erin,1924-08-12,M,080-3800-5259,eowens@example.org,三重県江東区外神田2丁目1番4号 クレスト神明内946
小林,翔太,1975-02-12,F,99-5656-6934,satoryosuke@example.com,和歌山県君津市台東11丁目22番19号 シャルム箭坪278
山本,篤司,1980-06-20,F,070-5541-3045,imiura@example.net,USCGC Montgomery FPO AA 71088
藤原,Joanne,1974-01-08,M,080-7431-2197,shota18@example.com,USNS Griffin FPO AA 07660
Thomas,Stacy,1940-09-02,F,070-8612-0357,ufujita@example.net,"2778 Chavez Alley Lake Julie, SD 61886"
中島,Molly,1971-01-10,F,(399)869-1168,takumasato@example.org,京都府羽村市白金10丁目23番5号
Gill,Richard,1960-07-18,M,090-7131-9579,satotsubasa@example.net,埼玉県香取郡多古町筑土八幡町21丁目26番10号 中宮祠シティ915
橋本,香織,1935-03-16,F,080-3590-6277,satokenichi@example.org,"4619 Watkins Port Suite 464 New Brianborough, PR 86722"
鈴木,浩,1987-03-29,F,090-5980-0954,urobbins@example.org,千葉県香取郡神崎町北青山8丁目21番5号 シャルム台東906
Haynes,晃,1964-11-24,M,090-7064-1250,eclark@example.com,"282 Reese Junction Michelletown, NH 90071"
Gray,太郎,1975-03-26,M,090-0778-6658,takahashiyumiko@example.org,北海道川崎市宮前区中鉢石町22丁目9番5号 クレスト上野公園702
藤原,花子,1935-07-08,F,080-9122-8213,cmurakami@example.com,福井県川崎市宮前区上広谷12丁目17番13号 アーバン方京798
橋本,あすか,1956-05-29,F,+1-871-231-9719x82872,nakamurayosuke@example.net,栃木県横浜市磯子区長畑19丁目17番7号 アーバン細竹189
Cox,Allen,1956-02-23,M,(753)641-8934x4238,johnsonmegan@example.org,富山県八街市一ツ橋33丁目19番7号 中小来川コーポ991
Adams,康弘,1998-09-10,F,03-3613-3639,shoheifukuda@example.org,"4898 Albert Ports Port Michael, FL 93440"
高橋,Ronald,1956-10-11,F,+1-927-510-9812x9697,hernandezbrandon@example.com,"506 Melissa Village Apt. 742 South Katelyn, NJ 63019"
山口,七夏,1982-07-07,F,090-3410-5638,rodriguezdanny@example.org,静岡県大網白里市神明内36丁目11番19号 シャルム轟171
Downs,Kimberly,1924-12-16,M,070-6819-2443,emilygrant@example.com,秋田県富里市神明内26丁目2番20号 パーク脚折537
藤原,Hunter,2000-10-05,F,070-0538-6282,catherinewoods@example.org,"46765 Michael Spur Brendanstad, TX 48854"
Avery,結衣,1956-09-21,F,080-2607-1132,reyesjohn@example.org,三重県横浜市青葉区白金36丁目2番19号
Patel,Christopher,1989-01-20,F,953-782-7889x0490,nfujiwara@example.net,"1512 Floyd Coves Evantown, MP 51225"
Lynn,加奈,1976-03-27,M,080-5111-7348,shimizuakira@example.net,"223 White Cliff Suite 681 New Johnathanview, VT 95886"
Anthony,春香,1971-12-16,F,583-228-1601x081,stephen58@example.net,"8030 Sharp Square Apt. 035 West Robert, MO 47301"
石川,Jennifer,1929-03-13,M,070-9797-2626,taro08@example.org,高知県長生郡長南町外神田34丁目24番16号
Fletcher,Matthew,1989-09-20,M,001-793-501-0975x8388,justinporter@example.com,"4127 Salas Rue Birdstad, MI 13869"
Mitchell,直樹,1945-01-19,M,070-7445-1341,yoichi47@example.net,"22241 Thomas Burgs Amandatown, MO 65803"
Anderson,Stacy,1967-10-31,F,080-0875-5866,dustin17@example.com,"49279 Kevin Ranch Apt. 473 Sherryhaven, WV 84259"
Vincent,Tyler,1937-03-05,M,04-3889-5392,yumiko27@example.com,"78485 Dawn Key Apt. 550 New Danielmouth, MA 91957"
Meyer,桃子,1969-05-25,M,2429674586,sayuri06@example.net,"3248 Gerald Mountain Port Michael, OH 96402"
山田,Megan,1983-02-02,F,+1-512-770-5665x066,kristicarter@example.net,長崎県横浜市青葉区浅草30丁目24番7号 中宮祠ハイツ501
中川,洋介,1954-04-18,F,(991)493-2239x5611,yamashitanaoko@example.com,大阪府長生郡長南町浅草31丁目9番4号 シティ無栗屋450
Jordan,Jason,1956-07-27,M,+1-429-249-1879x003,ilopez@example.net,東京都板橋区上野桜木17丁目7番6号
坂本,Richard,1989-10-14,F,13-6758-0902,harukashimizu@example.org,静岡県武蔵野市日本堤34丁目1番19号 ハイツ幸手987
田中,Joshua,1980-12-21,M,090-0018-3333,ryosuke66@example.net,"021 Andrew Fords Suite 030 Haynesborough, OR 55210"
斉藤,陽一,1994-12-20,M,492.812.8371,lgeorge@example.net,秋田県中央区東大和町2丁目21番9号 パーク鍛冶ケ沢952
Smith,くみ子,2001-09-29,F,(872)417-6661x33751,matthewmolina@example.com,"94361 Gaines Valleys West Kathleenshire, LA 58699"
Davis,Danielle,1986-11-13,F,070-9008-7595,mhanson@example.org,兵庫県豊島区前弥六南町9丁目6番16号
前田,Kristen,1941-06-30,F,656.387.5540x120,reesebryan@example.com,"738 Stephen Views Timothymouth, MN 39762"
坂本,Donna,1939-11-05,M,96-4439-7843,takuma75@example.org,USCGC Bowen FPO AA 76393
Martinez,Mary,1994-12-02,F,445-935-8285x774,hanakosuzuki@example.com,秋田県香取郡東庄町浅草20丁目17番19号 シャルム豊町202
Meadows,京助,1966-06-11,M,001-568-382-0820x5406,christinamoreno@example.com,静岡県横浜市栄区東上野4丁目25番1号 下宇和田シャルム318
山下,零,1982-10-04,F,(220)759-7310x7006,kaoriyamamoto@example.net,"3915 Grant Junction Apt. 192 New Kristinamouth, VI 64705"
高橋,千代,1960-05-04,F,641-646-9887x94865,zrobinson@example.org,静岡県印旛郡栄町高輪32丁目23番4号 中三依パーク755
橋本,さゆり,1982-07-15,M,72-6608-2238,satomiyamashita@example.com,USNS Ross FPO AP 53315
伊藤,Lisa,1935-02-16,F,001-390-283-2613x22988,kobayashiyumiko@example.org,"39953 Jenna Inlet Tammyville, OK 29376"
中島,聡太郎,1982-11-03,F,001-920-741-3303x95468,byoshida@example.com,岡山県豊島区上高野11丁目23番7号
Harrison,あすか,1983-07-25,M,+1-487-867-9492x675,jadeedwards@example.net,"4440 Benjamin Skyway Lake Ryan, OK 98095"
Chung,洋介,1931-08-29,M,001-294-814-7665x2865,yasuhiro94@example.net,茨城県香取郡多古町戸塚町13丁目8番19号 平須賀クレスト178
佐藤,Keith,1929-10-12,F,07-7627-1223,shawnchapman@example.net,愛知県川崎市幸区睦7丁目3番4号 虎ノ門クレスト645
林,Mark,1927-10-23,F,090-0103-0654,takumafujiwara@example.org,"0202 Miller Springs North Andrew, NJ 57690"
田中,James,1984-02-22,M,(739)976-1721x8308,yuta45@example.net,"250 Holland Terrace Suite 841 Emilychester, PR 02958"
伊藤,翼,1946-08-12,F,41-9722-9150,vbuck@example.net,熊本県東村山市独鈷沢7丁目2番13号 勝どきコート739
Larsen,康弘,1971-02-18,F,512-855-0806x6137,ikedaatsushi@example.net,福岡県中野区戸山34丁目21番5号
佐藤,Kevin,1997-06-17,M,070-7016-3909,vfujiwara@example.com,山口県横浜市中区白金台34丁目3番19号
Clarke,Tiffany,1938-05-27,F,090-1841-4214,gmatsuda@example.net,"9736 Jacqueline Glens Gonzalezshire, VI 35721"
Saunders,Patricia,1938-12-01,M,090-3939-3751,brockjoseph@example.com,"125 Tara Street Port Julieburgh, OK 46827"
Moore,拓真,1931-05-16,M,03-8845-1926,mikisasaki@example.org,愛媛県台東区上広谷2丁目25番14号 今戸シティ104
佐藤,花子,1983-11-01,F,001-489-321-0759x6050,dthomas@example.com,"492 Derek Stravenue Briggsview, SC 04489"
Burns,Perry,1951-09-09,M,17-3320-9900,watanabemaaya@example.com,群馬県新宿区南郷屋32丁目17番15号 コート油井945
藤原,Kristy,1967-06-14,F,3683878517,tsubasa84@example.com,"04188 Nguyen Valleys Kimburgh, GA 80430"
佐藤,James,1938-01-07,F,070-7630-0081,manabuikeda@example.com,大分県安房郡鋸南町丸の内14丁目5番17号 所野パレス044
石井,七夏,1924-10-20,F,274-353-0918x270,chelsea33@example.net,青森県利島村中三依29丁目21番5号
山口,William,1972-01-01,M,9515106035,orrkristen@example.com,"629 James Keys Suite 647 Lisaberg, SC 74063"
King,美加子,1952-12-28,F,9414405238,osamu59@example.net,沖縄県香取市明石町21丁目1番7号
Smith,Andrew,1924-09-07,F,588.827.0715,matthewsdana@example.com,沖縄県浦安市隼町16丁目20番11号 ハイツ上高野946
木村,Christopher,2000-06-03,F,588.296.4801x0628,kimuratomoya@example.net,富山県国分寺市三筋21丁目8番20号 パレス五味ヶ谷322
Rodriguez,充,2000-11-30,M,206-326-4598x43195,nakamuramiki@example.org,三重県日野市富久町11丁目1番6号 独鈷沢シティ984
Cole,Christina,1959-02-09,F,+1-579-950-7119x8343,russellanne@example.net,USCGC Joyce FPO AA 77918
Schultz,明美,1982-07-13,M,51-8196-5999,nishii@example.com,北海道台東区月島29丁目15番1号 轟コーポ752
Hill,聡太郎,1968-04-03,F,090-2281-5298,harveyleslie@example.net,"62921 Margaret Plain Suite 171 Seanview, NC 54915"
村上,Kathy,1949-10-18,M,671-457-1400,takumasuzuki@example.com,"9677 Kimberly Forest Suite 030 East Elaine, DE 65185"
Rice,美加子,1939-04-04,F,(348)963-8809,mituru71@example.net,"1860 Kristen Fall Suite 519 East Elizabeth, MO 63555"
山口,Matthew,1960-12-03,M,63-2247-9121,takahashikaori@example.org,島根県台東区上野桜木27丁目7番20号 ハイツ入谷630
Heath,Dawn,1990-03-09,M,070-1054-9563,garciasarah@example.com,"PSC 7923, Box 9891 APO AE 68033"
吉田,Daniel,2002-08-02,M,070-3672-1106,lori53@example.net,香川県世田谷区京橋10丁目2番11号 高田馬場シティ090
佐藤,亮介,2006-04-22,F,090-3744-7899,huertacheryl@example.org,"83527 Sharon Knolls Suite 970 Reneeville, HI 74800"
鈴木,Margaret,2006-04-14,M,080-5590-2890,tcox@example.net,"898 Leah Turnpike Suite 431 East Renee, ME 89823"
Brown,April,1925-12-12,F,743-218-7661,martinezanthony@example.org,鹿児島県大網白里市花島11丁目5番10号 シャルム外神田620
鈴木,Charles,1937-07-11,F,090-1358-7893,longdonna@example.com,山梨県八王子市脚折22丁目21番6号 パレス秋葉原659
山本,Elaine,1955-05-05,F,+1-516-495-8775,ryosukematsuda@example.com,"391 Joseph Route Hernandezberg, VA 16541"
Jordan,Kimberly,1999-01-24,F,680-570-1683x480,xsaito@example.org,"096 Brittany Road Johnport, PR 99923"
岡田,John,1949-08-16,F,09-3351-1596,naokoyamashita@example.com,"50180 Barber Shore Dunlapchester, AZ 00856"
高橋,篤司,1993-06-18,F,538.795.0485x7989,sasakimaaya@example.net,"224 Valdez Estate Matthewburgh, TX 77184"
山口,Rachel,1996-05-30,M,(388)538-2187,ccraig@example.com,佐賀県富里市卯の里11丁目22番20号 コート千塚659
Sanders,Cheryl,1968-05-13,F,485-503-9314x432,yamaguchichiyo@example.net,"80144 Walker Circle Suite 068 Hamiltonmouth, PR 01636"
Morales,裕太,1985-06-17,F,66-4645-5281,minoruyoshida@example.com,"312 Erica Tunnel East Devinstad, KS 15584"
Melton,Dennis,1934-09-08,F,+1-470-343-6455x749,goodwinbreanna@example.com,"94618 Tony Plains Lake Brandonhaven, LA 42097"
Collins,Edward,1934-01-07,M,+1-643-897-4595x92928,mcbridejennifer@example.org,"231 Richard Unions Suite 797 Lambertside, VI 02014"
田中,Andrew,1967-01-06,M,84-7320-7740,akira14@example.com,"7588 Amber Fort Apt. 956 Billyfort, ND 86035"
中村,治,1992-05-09,F,(692)582-5748x504,taichisuzuki@example.net,"15080 Simon Creek Apt. 618 Lake Tracy, MO 19856"
Crawford,Patricia,1960-08-02,F,001-632-765-0727x05417,mkato@example.org,群馬県東大和市方京5丁目22番14号 ハイツ高輪284
Bradley,直樹,1980-03-01,F,090-3157-0719,bryanmcneil@example.net,岩手県日野市神明内26丁目14番7号 中小来川コーポ231
池田,拓真,1948-01-20,M,070-6313-1871,millercole@example.net,"48988 Brown Via Suite 988 Salazarport, DE 54185"
清水,Lauren,1925-09-07,M,(940)622-8368,gsato@example.com,福島県西多摩郡日の出町前弥六南町42丁目6番13号 パーク前弥六南町649
加藤,幹,1938-04-23,F,090-8359-6507,holly57@example.com,奈良県国分寺市台場33丁目24番19号 コート東上野547
Smith,Jackie,1932-06-30,M,954-292-4456,watanabekazuya@example.com,岩手県昭島市橋場39丁目25番6号 コーポ花川戸579
池田,直人,1992-02-05,F,080-8565-1606,amy87@example.net,福井県富里市蔵前15丁目9番17号 吾妻橋コート644
近藤,Erica,1924-01-26,M,090-1618-7319,yamadasatomi@example.com,大阪府香取郡多古町京橋33丁目16番5号
井上,Brent,1950-03-23,M,080-6406-2523,sgrimes@example.net,福井県東村山市鶴ヶ丘5丁目14番7号 箭坪パレス915
石川,Peter,1978-06-12,F,090-1607-9691,takahashimai@example.org,USNV Bryant FPO AA 57978
木村,Angela,1970-12-09,M,070-6556-5089,martinamanda@example.org,秋田県青ヶ島村北青山38丁目4番16号
Townsend,翼,1960-06-02,F,674.974.2998,oward@example.net,岩手県東久留米市津久戸町8丁目16番5号
Anderson,千代,1959-06-27,F,001-790-935-4673x3117,maihasegawa@example.com,"27416 Michelle Junction Apt. 887 Garciamouth, AS 51080"
Oneal,Joyce,1968-01-31,F,+1-787-483-5202x4980,chayashi@example.org,"23272 Kimberly Station Apt. 147 East Stephanie, CA 77624"
Peck,Russell,1963-05-13,M,080-7276-8040,williamgilmore@example.net,石川県品川区六番町19丁目10番3号
Kelly,治,1928-05-17,M,090-3106-6224,osamu92@example.org,"508 Davis Branch Huntland, IN 59333"
Wood,John,1966-12-17,F,415-666-4108x05974,takumasasaki@example.com,秋田県鎌ケ谷市松石15丁目12番6号 西神田コート283
鈴木,Brittany,1958-04-27,F,(996)315-9058x30046,watanabeyoichi@example.net,"66268 Blake Cliffs Apt. 341 Juanside, NJ 43262"
Martin,Melody,1975-03-18,M,+1-623-282-7025x91986,yuikobayashi@example.com,"020 Thomas Dam Suite 262 Bestport, MD 33802"
渡辺,Vincent,1950-11-28,F,090-7205-5290,leemary@example.com,"32447 Bonnie Crest Suite 486 Dennisburgh, IA 25402"
